time,volatage(V),current(A),temperature(C),irradiance(W/m^2),state
21/04/2025,61.87,9.52,75,468.4,safe
21/04/2025,70,8.525,65,1011,warning
21/04/2025,67.92,9.977,59,488.5,safe
21/04/2025,68.1,9.786,41,546.2,unsafe
21/04/2025,67.15,12.397,62,949.7,unsafe
21/04/2025,60.2,11.987,45,962.8,safe
21/04/2025,70.14,9.611,63,847.2,safe
21/04/2025,65.95,10.269,78,858.3,unsafe
21/04/2025,67.71,10.512,85,510.2,unsafe
21/04/2025,68,8.11,68,217.6,unsafe
21/04/2025,66.03,12.886,82,480,unsafe
21/04/2025,60.26,10.408,53,894.1,unsafe
21/04/2025,65.83,12.735,41,908.1,safe
21/04/2025,65.72,8.248,65,953.9,safe
21/04/2025,67.14,13.682,62,626.2,warning
21/04/2025,64.43,8.336,84,388.6,warning
21/04/2025,71.1,9.348,82,963.1,unsafe
21/04/2025,60.86,9.557,77,847.8,warning
21/04/2025,69.71,10.228,45,266.7,unsafe
21/04/2025,67.65,9.533,83,785.4,unsafe
21/04/2025,70.99,13.827,43,791.5,safe
21/04/2025,65.97,9.242,84,710.4,unsafe
21/04/2025,60.5,9.697,70,706.4,unsafe
21/04/2025,60.85,10.232,67,856.3,unsafe
21/04/2025,69.25,11.629,80,706,unsafe
21/04/2025,65.48,8.778,70,428.5,unsafe
21/04/2025,65.34,11.639,53,596.7,warning
21/04/2025,60.81,11.628,62,468.4,safe
21/04/2025,67.8,12.01,72,827.1,unsafe
21/04/2025,69.35,10.081,78,648.6,unsafe
21/04/2025,66.55,11.289,71,971.8,unsafe
21/04/2025,69.61,11.358,76,677.7,unsafe
21/04/2025,68.24,12.215,72,791.8,unsafe
21/04/2025,61.67,10.435,68,810.6,safe
21/04/2025,71.88,12.133,71,1073.9,warning
21/04/2025,64.7,12.977,47,770.8,unsafe
21/04/2025,64.03,11.033,46,918.6,warning
21/04/2025,68.74,13.531,45,444.6,safe
21/04/2025,64.81,9.959,64,822.7,safe
21/04/2025,64.06,10.142,84,397.2,safe
21/04/2025,66.24,8.733,64,1090,warning
21/04/2025,68.77,11.324,74,1068.7,unsafe
21/04/2025,70.37,9.086,73,863,unsafe
21/04/2025,64.51,8.848,65,421.8,unsafe
21/04/2025,65.93,8.698,45,887.6,unsafe
21/04/2025,67.99,10.141,82,328.1,warning
21/04/2025,69.07,13.191,59,635.8,unsafe
21/04/2025,63.95,8.303,41,876.2,safe
21/04/2025,68.53,10.882,53,399.7,unsafe
21/04/2025,66.16,13.037,58,303.3,unsafe
21/04/2025,68.07,11.262,64,1014.7,warning
21/04/2025,61.32,13.503,51,304.4,unsafe
21/04/2025,63.54,11.624,72,746,safe
21/04/2025,68.4,8.065,44,759.3,safe
21/04/2025,70.49,11.264,68,457.4,safe
21/04/2025,64.59,13.192,74,703,safe
21/04/2025,61.89,10.046,62,244.3,safe
21/04/2025,66.61,9.577,51,596.1,unsafe
21/04/2025,68.92,10.612,46,353.9,unsafe
21/04/2025,60.81,8.332,56,658.3,warning
21/04/2025,70.26,12.791,78,851.2,warning
21/04/2025,65.82,10.946,72,416.4,safe
21/04/2025,65.54,12.438,71,347,safe
21/04/2025,64.78,12.013,51,421.5,safe
21/04/2025,67.78,13.205,56,760.6,safe
21/04/2025,67.24,9.441,73,433,warning
21/04/2025,64.35,8.313,70,523.4,warning
21/04/2025,70.13,10.524,49,883.3,warning
21/04/2025,65.03,11.24,74,1027.3,unsafe
21/04/2025,68.29,13.255,85,849.5,warning
21/04/2025,64.9,8.005,69,1042.2,unsafe
21/04/2025,65.77,13.623,43,1053.5,warning
21/04/2025,67.88,11.048,73,407.3,warning
21/04/2025,69.3,13.177,44,332.9,safe
21/04/2025,66.31,10.694,71,356.5,unsafe
21/04/2025,62.74,10.737,71,921,unsafe
21/04/2025,65.55,9.819,83,464.7,warning
21/04/2025,70.58,12.652,61,985.2,unsafe
21/04/2025,69.65,11.333,69,337.4,safe
21/04/2025,60.84,11.931,40,622.9,safe
21/04/2025,71.34,11.276,46,383.9,warning
21/04/2025,60.28,10.399,80,703.8,safe
21/04/2025,67.97,11.706,45,864.4,safe
21/04/2025,64.68,11.882,60,897,safe
21/04/2025,70.87,13.625,70,978.8,warning
21/04/2025,66.69,8.653,60,473.6,safe
21/04/2025,70.59,13.284,51,639.4,unsafe
21/04/2025,70.35,12.922,52,1045.6,unsafe
21/04/2025,65.46,11.245,62,846.3,warning
21/04/2025,65.6,11.948,56,1053.5,unsafe
21/04/2025,62.06,13.259,56,1022.4,unsafe
21/04/2025,65.47,11.076,57,349.1,unsafe
21/04/2025,67.49,9.953,59,886.6,safe
21/04/2025,66.26,8.648,60,362.5,safe
21/04/2025,70.58,12.57,57,413.9,unsafe
21/04/2025,70.18,13.585,51,777.6,safe
21/04/2025,71.96,8.749,82,710.5,unsafe
21/04/2025,71.81,13.944,61,662.3,warning
21/04/2025,61.02,8.238,46,1003.8,warning
21/04/2025,65.95,12.854,78,1086,unsafe
21/04/2025,64.47,12.998,83,448.5,warning
21/04/2025,69.15,10.633,78,489,safe
21/04/2025,62.31,10.523,84,682.2,safe
21/04/2025,62.35,9.043,49,769.2,warning
21/04/2025,62.34,8.346,41,867.7,unsafe
21/04/2025,71.51,9.564,42,542.6,warning
21/04/2025,61.2,8.151,53,422.4,unsafe
21/04/2025,66.17,10.307,49,219.1,warning
21/04/2025,66.64,8.649,68,794.7,warning
21/04/2025,64.33,12.178,65,873.2,warning
21/04/2025,61.5,13.913,72,1047.5,warning
21/04/2025,68.03,13.925,48,622,unsafe
21/04/2025,70.47,9.917,50,444.7,warning
21/04/2025,63.48,10.091,49,201.1,unsafe
21/04/2025,62.46,12.901,44,545,warning
21/04/2025,60.1,8.809,77,361.1,safe
21/04/2025,67.01,12.707,76,448.5,unsafe
21/04/2025,62.09,8.298,75,857.9,warning
21/04/2025,70.49,8.519,73,1076.8,unsafe
21/04/2025,69.92,12.469,62,635.2,safe
21/04/2025,69.24,12.866,51,638.9,safe
21/04/2025,67.46,11.839,53,942.7,safe
21/04/2025,70.79,9.906,85,928.6,unsafe
21/04/2025,68.42,12.805,54,734.4,safe
21/04/2025,67.68,13.255,69,645.8,unsafe
21/04/2025,60.57,8.008,59,724.4,safe
21/04/2025,68.12,8.712,78,548.7,warning
21/04/2025,60.23,9.839,44,454.3,unsafe
21/04/2025,62.87,12.347,60,774.8,unsafe
21/04/2025,71.57,10.803,76,310,unsafe
21/04/2025,61.07,12.001,71,778.2,unsafe
21/04/2025,66.57,13.184,82,851.1,warning
21/04/2025,62.33,11.164,66,920.5,warning
21/04/2025,60.57,9.028,51,277.7,unsafe
21/04/2025,65.64,13.096,49,481.1,unsafe
21/04/2025,69.46,10.558,64,211.9,warning
21/04/2025,70.09,8.149,49,497.3,warning
21/04/2025,67.82,9.977,64,871.3,safe
21/04/2025,69.39,11.728,74,998.5,unsafe
21/04/2025,66.03,9.083,63,286.2,safe
21/04/2025,67.97,13.709,84,231.2,safe
21/04/2025,60.35,13.727,84,1018.5,unsafe
21/04/2025,66.66,8.781,51,277.6,safe
21/04/2025,61.85,13.345,45,1069.1,safe
21/04/2025,63.85,8.479,64,827.2,safe
21/04/2025,71.09,12.196,63,706.9,warning
21/04/2025,70.94,9.079,81,1017.3,warning
21/04/2025,70.9,12.411,49,1042.8,warning
21/04/2025,62.65,12.089,61,956.7,safe
21/04/2025,64.28,11.311,67,355.9,unsafe
21/04/2025,66.01,13.866,44,489.5,unsafe
21/04/2025,63.05,10.357,47,581.1,safe
21/04/2025,69.71,13.661,67,865.1,unsafe
21/04/2025,69.16,11.715,81,263.7,safe
21/04/2025,61.47,11.827,46,823.8,warning
21/04/2025,63.66,12.57,62,466.7,unsafe
21/04/2025,65.98,11.828,64,790.9,unsafe
21/04/2025,63.63,8.971,45,877.8,warning
21/04/2025,68.18,11.889,66,808,unsafe
21/04/2025,61.22,9.108,40,378.3,safe
21/04/2025,60.49,13.286,62,265.7,unsafe
21/04/2025,67.91,11.28,56,305.8,warning
21/04/2025,60.52,8.09,43,375.9,unsafe
21/04/2025,70.02,8.688,82,955.3,warning
21/04/2025,62.26,12.722,69,771.3,unsafe
21/04/2025,71.38,9.639,54,717.8,warning
21/04/2025,69.43,10.222,76,581.9,safe
21/04/2025,65.4,11.612,43,1081.9,safe
21/04/2025,60.16,11.187,61,332.2,unsafe
21/04/2025,66.13,11.663,47,1072.2,safe
21/04/2025,65.88,8.14,73,1006.5,unsafe
21/04/2025,70.53,10.3,79,771.4,safe
21/04/2025,62.75,11.884,80,514,safe
21/04/2025,65.51,11.738,83,242.7,warning
21/04/2025,61.69,12.86,61,232.5,safe
21/04/2025,71.29,12.095,78,533.7,warning
21/04/2025,67.99,8.997,55,838.5,safe
21/04/2025,63.3,10.791,41,652.6,safe
21/04/2025,67.05,8.599,62,860.2,safe
21/04/2025,62.27,12.442,48,722.3,unsafe
21/04/2025,70.84,13.973,55,841.3,warning
21/04/2025,65.03,9.653,57,947.6,warning
21/04/2025,66.06,13.983,43,446.4,safe
21/04/2025,68.23,13.826,60,454.9,warning
21/04/2025,70.41,12.2,75,1023.2,safe
21/04/2025,71.36,11.069,82,1009.9,safe
21/04/2025,66.56,9.696,82,656.4,warning
21/04/2025,63.9,13.141,80,254.7,warning
21/04/2025,61.62,9.963,84,239.9,warning
21/04/2025,70.75,9.716,81,384.1,safe
21/04/2025,62.21,11.15,48,636,unsafe
21/04/2025,69.59,9.058,65,658.3,safe
21/04/2025,65.57,8.269,63,924.5,warning
21/04/2025,71.85,11.204,76,220.9,safe
21/04/2025,65.34,12.554,82,390.5,warning
21/04/2025,70.35,10.754,72,382.5,warning
21/04/2025,67.38,9.101,62,584.7,safe
21/04/2025,67.62,12.31,64,550.6,unsafe
21/04/2025,65.29,9.508,75,803.1,warning
21/04/2025,67.41,12.936,48,738.7,warning
21/04/2025,70.16,8.5,83,978.2,warning
21/04/2025,66.09,8.989,46,857.3,unsafe
21/04/2025,63.28,13.764,47,838,safe
21/04/2025,66.32,11.747,51,686.4,unsafe
21/04/2025,65.75,8.26,79,938.5,warning
21/04/2025,71.27,12.184,53,237,warning
21/04/2025,62.35,12.288,77,704,safe
21/04/2025,71.97,9.095,65,251.3,safe
21/04/2025,67.39,8.929,44,293,safe
21/04/2025,62.82,13.545,69,617.5,unsafe
21/04/2025,70.58,9.248,63,599.4,unsafe
21/04/2025,62.18,11.911,79,824.8,warning
21/04/2025,66.18,12.209,48,1033.2,safe
21/04/2025,60.05,8.971,69,737.8,unsafe
21/04/2025,67.26,9.711,84,895.9,warning
21/04/2025,66.28,11.881,67,535.2,warning
21/04/2025,62.86,12.803,54,1041.6,warning
21/04/2025,65.58,11.496,81,373,warning
21/04/2025,65.49,13.59,62,482.7,unsafe
21/04/2025,71.75,8.376,81,366.5,unsafe
21/04/2025,66.42,13.631,49,338.3,warning
21/04/2025,70.8,8.58,76,940.4,safe
21/04/2025,64.22,9.855,54,402.6,warning
21/04/2025,63.1,8.31,85,402.1,safe
21/04/2025,68.45,11.292,71,479.4,unsafe
21/04/2025,62.89,9.518,65,792.2,warning
21/04/2025,69.33,10.446,40,1082.3,safe
21/04/2025,63.46,10.352,57,913.9,safe
21/04/2025,67.69,8.361,55,700.4,safe
21/04/2025,60.12,11.745,40,965.8,unsafe
21/04/2025,63.28,11.783,61,537.1,warning
21/04/2025,60.36,10.238,50,901.2,unsafe
21/04/2025,69.86,9.471,56,825.9,unsafe
21/04/2025,66.57,8.258,60,211,unsafe
21/04/2025,71.76,13.894,49,732.8,unsafe
21/04/2025,65.48,10.796,50,300.9,warning
21/04/2025,61.31,10.8,48,887.2,safe
21/04/2025,71.9,11.026,40,579.1,warning
21/04/2025,69.8,10.217,65,1091.1,safe
21/04/2025,60.33,12.38,72,302.4,warning
22/04/2025,71.54,11.547,44,261,safe
22/04/2025,64.35,8.188,85,1049,warning
22/04/2025,65.51,12.049,71,845.9,safe
22/04/2025,70.58,9.377,42,812.9,safe
22/04/2025,67.21,9.59,53,968.4,safe
22/04/2025,71.95,11.687,64,553.2,unsafe
22/04/2025,61.03,13.988,51,975.7,warning
22/04/2025,68.82,11.186,70,497.1,unsafe
22/04/2025,67.65,8.979,65,706.4,safe
22/04/2025,65.06,11.959,76,757.5,unsafe
22/04/2025,71.28,9.856,77,572.1,unsafe
22/04/2025,64.88,10.551,69,685.6,safe
22/04/2025,63.65,13.206,61,207.8,safe
22/04/2025,65.39,8.963,49,332.3,warning
22/04/2025,60.97,12.925,76,255.3,safe
22/04/2025,69.42,10.826,47,239.7,safe
22/04/2025,68.42,10.046,78,723.6,unsafe
22/04/2025,68.83,12.741,75,290.7,safe
22/04/2025,64.65,13.732,55,581.9,safe
22/04/2025,68.17,9.343,49,688.3,unsafe
22/04/2025,65.5,8.642,68,433.6,warning
22/04/2025,64.93,13.94,45,573.9,unsafe
22/04/2025,71.16,8.761,51,305.1,unsafe
22/04/2025,66.26,13.563,72,918.6,warning
22/04/2025,65.26,11.315,49,781.9,warning
22/04/2025,67.34,10.097,42,994,unsafe
22/04/2025,71.42,12.344,44,1055.8,warning
22/04/2025,64.96,12.567,80,775.8,safe
22/04/2025,68.35,8.886,47,816.1,unsafe
22/04/2025,68.32,12.839,84,939.9,unsafe
22/04/2025,61.34,8.072,40,810.8,unsafe
22/04/2025,61.54,9.781,65,720.8,safe
22/04/2025,65.68,11.366,83,899.7,safe
22/04/2025,70.11,11.772,63,555.8,safe
22/04/2025,68.11,9.15,68,917.2,unsafe
22/04/2025,65.45,11.628,71,839.5,safe
22/04/2025,71.74,10.981,67,794.7,unsafe
22/04/2025,60.57,8.295,74,719,warning
22/04/2025,61.2,13.168,55,659.6,unsafe
22/04/2025,70.59,8.599,63,1032.7,warning
22/04/2025,69.85,8.56,42,395.6,safe
22/04/2025,70.8,11.501,64,588.5,warning
22/04/2025,67.02,13.721,56,690.3,unsafe
22/04/2025,60.62,11.029,63,831.4,warning
22/04/2025,65.53,12.081,79,557.7,safe
22/04/2025,68.63,9.908,71,621.8,unsafe
22/04/2025,70.6,9.24,52,477.6,unsafe
22/04/2025,69.36,13.908,44,827.4,unsafe
22/04/2025,68.99,8.452,61,622.2,safe
22/04/2025,68.76,8.174,51,999.6,safe
22/04/2025,70.56,10.792,59,651.6,safe
22/04/2025,70.24,12.778,65,640.6,unsafe
22/04/2025,64.03,11.471,72,777.2,safe
22/04/2025,70.91,10.154,67,263.6,safe
22/04/2025,71.6,8.274,52,321.6,warning
22/04/2025,69.15,8.954,64,584.1,safe
22/04/2025,65.05,11.294,80,589.7,unsafe
22/04/2025,68.33,12.788,45,994.7,unsafe
22/04/2025,66.86,8.97,50,940.3,safe
22/04/2025,60.56,10.062,76,959.4,warning
22/04/2025,69.53,13.899,61,943.5,warning
22/04/2025,63.6,12.993,80,484.2,unsafe
22/04/2025,71.44,9.979,64,331.9,unsafe
22/04/2025,63.61,12.607,69,991.3,warning
22/04/2025,70.5,10.312,66,205.8,warning
22/04/2025,66.62,13.471,67,605.6,unsafe
22/04/2025,65.09,13.236,71,294.6,warning
22/04/2025,67.38,8.491,44,819.7,safe
22/04/2025,64.92,10.224,58,700.6,unsafe
22/04/2025,64.2,11.308,51,455.1,safe
22/04/2025,61.14,12.008,56,200.8,safe
22/04/2025,65.09,11.36,83,206.3,unsafe
22/04/2025,70.37,10.705,68,609.1,unsafe
22/04/2025,70.41,13.407,56,588.6,unsafe
22/04/2025,71.69,8.937,49,217.3,safe
22/04/2025,66.45,11.391,60,423,warning
22/04/2025,69.2,12.128,52,255.7,safe
22/04/2025,66.53,12.669,78,381.6,unsafe
22/04/2025,60.41,10.924,80,662.6,warning
22/04/2025,71.82,10.003,46,473.2,warning
22/04/2025,61.58,9.219,52,646.8,warning
22/04/2025,64.34,8.088,70,286.2,warning
22/04/2025,71.79,12.668,65,1008.7,warning
22/04/2025,66.98,9.342,62,209.7,safe
22/04/2025,60.93,13.229,46,392.6,safe
22/04/2025,61.35,11.843,76,899.5,safe
22/04/2025,69.73,9.902,50,773.2,warning
22/04/2025,60.74,11.624,81,470.5,unsafe
22/04/2025,71.2,10.128,44,507,safe
22/04/2025,70.07,13.555,75,655.2,warning
22/04/2025,63.36,9.12,53,1080.1,unsafe
22/04/2025,64.37,13.608,74,522.1,unsafe
22/04/2025,64.97,8.654,48,290.4,unsafe
22/04/2025,70.92,10.152,51,786.8,warning
22/04/2025,68.68,8.764,45,386,unsafe
22/04/2025,69.43,9.102,79,379,warning
22/04/2025,60.61,13.356,64,523.5,warning
22/04/2025,70.17,10.801,56,612.4,warning
22/04/2025,69.65,10.137,53,275.1,safe
22/04/2025,71.35,12.692,61,495.9,safe
22/04/2025,65.1,8.116,83,425.5,safe
22/04/2025,67.46,8.977,68,366.8,warning
22/04/2025,69.01,9.049,49,745.6,warning
22/04/2025,61.99,12.932,68,722.1,warning
22/04/2025,65.43,8.765,77,383.7,safe
22/04/2025,62.76,8.828,48,341.3,warning
22/04/2025,70.45,9.575,64,689,unsafe
22/04/2025,62.4,11.079,55,839.5,warning
22/04/2025,60.59,12.923,69,476.5,safe
22/04/2025,62.58,11.141,74,206.6,warning
22/04/2025,63.48,12.433,50,517.2,warning
22/04/2025,65.39,9.956,81,1035.4,unsafe
22/04/2025,71.92,12.882,51,268.8,safe
22/04/2025,67.75,11.511,59,485,unsafe
22/04/2025,66.55,9.971,85,719.4,safe
22/04/2025,71.18,8.376,63,571.3,warning
22/04/2025,66.42,8.358,69,415.1,warning
22/04/2025,66.47,13.661,43,609.4,warning
22/04/2025,62.81,9.271,52,870.5,safe
22/04/2025,62.55,13.826,81,865.5,unsafe
22/04/2025,62.62,10.702,48,1071.5,warning
22/04/2025,62.15,8.851,70,347.1,safe
22/04/2025,66.27,10.635,47,634.3,safe
22/04/2025,69.18,9.046,55,1011.5,unsafe
22/04/2025,69.73,9.068,55,375.7,safe
22/04/2025,67.56,8.622,79,381.5,unsafe
22/04/2025,61.6,12.574,81,732.4,unsafe
22/04/2025,71.4,8.238,80,1084.3,unsafe
22/04/2025,71.23,10.753,56,476.1,safe
22/04/2025,69.39,8.569,79,446,unsafe
22/04/2025,66.58,10.791,71,342.9,safe
22/04/2025,65.63,11.014,77,882.2,unsafe
22/04/2025,62.73,9.532,48,205.5,unsafe
22/04/2025,71.21,13.687,70,434,safe
22/04/2025,71.37,9.191,47,795.5,warning
22/04/2025,66.17,9.905,69,1080,warning
22/04/2025,62.54,11.226,63,749.5,safe
22/04/2025,69.76,11.655,43,986.2,warning
22/04/2025,62.32,13.772,80,714,unsafe
22/04/2025,69.85,10.132,85,842,unsafe
22/04/2025,61.92,13.782,52,620,safe
22/04/2025,61.99,12.033,59,838.9,unsafe
22/04/2025,61.59,9.565,40,751.1,unsafe
22/04/2025,61.3,12.031,66,766.8,safe
22/04/2025,70.78,8.884,65,973.6,unsafe
22/04/2025,65.78,10.387,44,639.3,safe
22/04/2025,62.84,9.601,84,857.3,warning
22/04/2025,68.79,13.132,50,846.7,warning
22/04/2025,63.96,9.708,69,1095.2,warning
22/04/2025,63.63,11.662,57,684.3,safe
22/04/2025,71.51,11.412,60,875.9,safe
22/04/2025,63.85,11.283,60,943.1,safe
22/04/2025,64.84,11.525,40,523.5,safe
22/04/2025,71.24,13.816,67,290.5,unsafe
22/04/2025,67.07,10.976,41,1074.5,unsafe
22/04/2025,64.06,9.722,56,466.6,unsafe
22/04/2025,71.87,13.821,61,1007.1,unsafe
22/04/2025,61.84,13.315,79,523.9,safe
22/04/2025,70.78,8.149,41,1043.2,warning
22/04/2025,70.23,11.174,79,808.2,warning
22/04/2025,69.21,13.868,76,403.1,warning
22/04/2025,62.15,10.339,79,647.4,unsafe
22/04/2025,70.66,12.696,76,473.8,warning
22/04/2025,66.56,9.07,74,1088.9,safe
22/04/2025,65.21,12.084,75,382.4,warning
22/04/2025,62.28,13.094,79,1076.5,safe
22/04/2025,63.92,11.992,85,1081.6,safe
22/04/2025,63.31,8.575,79,795.4,unsafe
22/04/2025,64.19,10.335,85,596,safe
22/04/2025,66.02,12.544,63,611.1,safe
22/04/2025,66.18,12.138,59,499.2,safe
22/04/2025,66.55,9.898,82,805.5,safe
22/04/2025,61.04,13.688,61,892.7,safe
22/04/2025,71.26,12.68,71,971.6,unsafe
22/04/2025,70.1,11.56,84,305,warning
22/04/2025,61.56,9.041,48,464.7,warning
22/04/2025,62.17,9.29,42,651.8,warning
22/04/2025,68.76,10.282,67,383.3,safe
22/04/2025,68.04,13.017,68,795.3,safe
22/04/2025,62.23,11.988,85,359.6,warning
22/04/2025,60.96,9.967,70,876.7,unsafe
22/04/2025,63.21,9.27,46,492.4,warning
22/04/2025,64.28,9.842,73,439.1,warning
22/04/2025,70.48,11.547,53,864.3,warning
22/04/2025,65.08,11.22,56,390.7,warning
22/04/2025,71.11,10.082,79,451.4,unsafe
22/04/2025,67.4,10.694,54,549.5,unsafe
22/04/2025,61.34,11.689,50,577.4,safe
22/04/2025,69.05,12.117,47,566.9,unsafe
22/04/2025,67.29,13.928,59,1073.9,safe
22/04/2025,64.51,10.704,54,535.6,safe
22/04/2025,64.7,9.302,73,282.7,safe
22/04/2025,69.63,10.98,40,787.7,safe
22/04/2025,62.55,10.431,43,1049.6,safe
22/04/2025,70.57,12.52,45,895.1,warning
22/04/2025,61.13,10.91,78,763.5,warning
22/04/2025,60.38,9.623,40,668.5,safe
22/04/2025,61.99,8.621,70,935,warning
22/04/2025,67.17,13.711,82,834.8,unsafe
22/04/2025,68.85,13.612,54,634,warning
22/04/2025,70.62,9.029,82,285.4,warning
22/04/2025,70.85,13.809,60,688,unsafe
22/04/2025,63.96,8.994,63,633.8,unsafe
22/04/2025,65.02,13.248,46,449.4,warning
22/04/2025,71.75,9.104,85,1041.7,warning
22/04/2025,68.43,12.628,50,524.5,warning
22/04/2025,60.64,12.155,47,226.1,warning
22/04/2025,61.33,11.626,52,816.9,unsafe
22/04/2025,64.92,8.131,79,896.2,safe
22/04/2025,62.08,11.881,40,792.9,unsafe
22/04/2025,71.86,10.03,52,514.4,unsafe
22/04/2025,70.63,11.99,85,837.6,warning
22/04/2025,66.54,12.536,74,356.5,safe
22/04/2025,65.72,8.739,48,612.4,safe
22/04/2025,62.11,9.941,48,779.3,safe
22/04/2025,70.75,12.941,70,246.2,safe
22/04/2025,61.63,8.139,58,943,safe
22/04/2025,68.43,11.589,78,475.9,safe
22/04/2025,65.59,10.389,46,264,unsafe
22/04/2025,70.14,10.118,46,520.2,unsafe
22/04/2025,63.78,11.72,81,946.2,safe
22/04/2025,66.3,11.864,42,569.5,safe
22/04/2025,64.53,13.514,58,931.5,warning
22/04/2025,66.91,13.053,60,929,warning
22/04/2025,63.33,10.393,46,727.3,safe
22/04/2025,61.13,11.332,75,848,safe
22/04/2025,62.72,11.301,78,1049,unsafe
22/04/2025,67.84,8.214,69,804.4,safe
22/04/2025,68.48,11.641,79,441.2,warning
22/04/2025,63.55,9.119,77,681.6,safe
22/04/2025,60.59,12.365,73,343.1,warning
22/04/2025,66.41,11.893,73,837.8,safe
22/04/2025,60.73,10.893,51,924.3,safe
22/04/2025,68.2,10.868,76,1048.8,safe
22/04/2025,69,11.385,55,892.9,warning
22/04/2025,65.26,13.409,72,723.8,unsafe
22/04/2025,66.64,9.08,73,428.7,warning
22/04/2025,69.58,13.754,62,824,unsafe
22/04/2025,71.79,8.785,70,1088.1,safe
22/04/2025,63.35,12.874,76,873,unsafe
22/04/2025,60.9,12.993,63,574.8,warning
22/04/2025,65.83,12.211,43,810.4,warning
22/04/2025,65.16,13.347,56,907.5,warning
22/04/2025,65.17,9.393,71,293.9,unsafe
22/04/2025,61.67,9.459,80,354.7,unsafe
22/04/2025,63.21,9.589,82,642.9,unsafe
22/04/2025,70.62,12.082,75,954.1,safe
22/04/2025,69.62,13.096,70,260.5,unsafe
22/04/2025,66.87,11.1,77,251.3,safe
22/04/2025,66.14,8.749,48,533.2,safe
22/04/2025,65.25,10.392,58,745.9,warning
23/04/2025,64.6,8.948,57,299.2,unsafe
23/04/2025,63.24,9.721,71,1077.9,warning
23/04/2025,65.55,9.67,73,677.6,warning
23/04/2025,63.52,12.269,45,700,warning
23/04/2025,66.01,13.689,55,222,unsafe
23/04/2025,69.61,9.278,52,670,safe
23/04/2025,63.72,9.694,54,826.4,unsafe
23/04/2025,61.46,9.615,82,570.3,unsafe
23/04/2025,68.69,13.202,64,665.5,warning
23/04/2025,62.95,11.387,78,625.5,safe
23/04/2025,63.21,11.013,65,899,safe
23/04/2025,62.57,9.195,53,990.6,unsafe
23/04/2025,64.99,13.72,83,446.7,safe
23/04/2025,71.29,9.514,65,858,warning
23/04/2025,60.99,10.674,85,1019.4,unsafe
23/04/2025,63.32,12.558,40,948.2,safe
23/04/2025,60.04,10.278,72,594.9,warning
23/04/2025,62.9,13.766,42,936.4,warning
23/04/2025,71.28,8.302,54,588,safe
23/04/2025,64.83,11.727,41,1064.8,safe
23/04/2025,68.48,8.494,53,703.5,warning
23/04/2025,65.05,10.286,52,422.3,warning
23/04/2025,65.53,11.79,67,316.9,unsafe
23/04/2025,66.63,8.02,82,232.6,safe
23/04/2025,66.05,9.119,77,923.2,warning
23/04/2025,71.36,9.593,48,804.6,unsafe
23/04/2025,62.73,12.958,45,976.9,warning
23/04/2025,61.58,12.185,46,1072.6,warning
23/04/2025,65.65,11,43,275.1,safe
23/04/2025,67.12,9.257,85,887.6,safe
23/04/2025,60.57,8.959,54,1086.8,warning
23/04/2025,65.77,12.805,67,518.7,safe
23/04/2025,70.85,10.291,45,772.8,safe
23/04/2025,66.44,12.358,80,782.7,safe
23/04/2025,68.98,11.464,62,771.2,unsafe
23/04/2025,61.88,13.969,71,536.5,safe
23/04/2025,64.21,9.626,40,544,warning
23/04/2025,67.43,13.476,81,239.5,unsafe
23/04/2025,65.15,8.425,48,852.7,unsafe
23/04/2025,70.31,11.474,76,950.4,warning
23/04/2025,67.67,9.373,80,604.7,warning
23/04/2025,64.68,10.852,51,673.7,safe
23/04/2025,64.59,12.688,77,255,warning
23/04/2025,61.98,8.526,45,611.4,safe
23/04/2025,71.77,9.596,61,386.2,unsafe
23/04/2025,68.77,9.219,50,224.2,safe
23/04/2025,68.59,10.353,55,926,safe
23/04/2025,67.8,9.371,74,304.6,safe
23/04/2025,60.21,10.06,60,970.3,unsafe
23/04/2025,71.84,10.857,49,548.9,safe
23/04/2025,71.01,11.908,65,1050.5,unsafe
23/04/2025,69.8,10.622,49,944.1,warning
23/04/2025,70.32,12.855,46,238.7,safe
23/04/2025,61.38,11.653,81,514.3,safe
23/04/2025,71.09,10.949,83,1090.8,unsafe
23/04/2025,68.82,9.454,49,480.2,unsafe
23/04/2025,68.91,11.558,66,707.6,safe
23/04/2025,62.61,10.106,85,816.6,warning
23/04/2025,61.25,8.1,65,1014.1,unsafe
23/04/2025,69.34,10.056,52,491.9,unsafe
23/04/2025,71.64,12.666,51,860.5,warning
23/04/2025,64.87,12.103,42,1009.7,unsafe
23/04/2025,67.39,11.656,78,709.2,unsafe
23/04/2025,68.69,8.34,78,630.1,warning
23/04/2025,69.43,11.463,64,313,warning
23/04/2025,60.52,8.636,81,766.6,warning
23/04/2025,64.18,11.953,67,298,unsafe
23/04/2025,68.26,9.35,68,977,safe
23/04/2025,67.63,9.797,53,652.8,unsafe
23/04/2025,61.67,12.557,60,411.6,safe
23/04/2025,62.41,8.283,54,602.9,unsafe
23/04/2025,64.94,13.947,51,618.3,unsafe
23/04/2025,67.43,11.368,83,510.8,safe
23/04/2025,60.74,9.711,41,534,safe
23/04/2025,70.74,8.59,77,1055.7,warning
23/04/2025,64.55,8.284,75,1076.9,safe
23/04/2025,70.83,8.289,57,895.3,unsafe
23/04/2025,68.32,8.326,81,748.6,unsafe
23/04/2025,71.83,9.5,54,957.6,safe
23/04/2025,63.35,8.93,72,365.8,safe
23/04/2025,71.95,8.215,62,901.7,unsafe
23/04/2025,68.04,13.938,49,244.7,safe
23/04/2025,68.8,9.153,79,318.9,warning
23/04/2025,71.11,10.22,48,980.3,unsafe
23/04/2025,67.99,9.586,57,690.8,unsafe
23/04/2025,71.44,9.292,61,652.1,warning
23/04/2025,65.2,11.544,80,293.2,warning
23/04/2025,60.84,12.613,58,262.1,warning
23/04/2025,66.54,12.034,60,383.4,warning
23/04/2025,65.52,10.103,46,1027.7,safe
23/04/2025,60.74,10.34,40,222.3,unsafe
23/04/2025,65.56,10.527,40,868.5,warning
23/04/2025,62.99,13.192,70,423.6,warning
23/04/2025,62.34,10.692,73,380.6,unsafe
23/04/2025,62.82,8.014,55,465.2,unsafe
23/04/2025,61.69,11.221,81,431.2,warning
23/04/2025,71.67,11.372,45,708.2,unsafe
23/04/2025,68.27,12.709,54,696.5,safe
23/04/2025,61.41,8.731,76,216.7,unsafe
23/04/2025,71.66,10.109,77,444.7,warning
23/04/2025,65.59,9.661,71,951.9,warning
23/04/2025,60.38,13.038,85,548.2,warning
23/04/2025,64.95,10.384,80,297.5,safe
23/04/2025,70.69,12.955,67,522.8,warning
23/04/2025,70,12.826,47,749.4,unsafe
23/04/2025,66.75,11.367,67,772.8,safe
23/04/2025,70.32,11.954,81,855.4,unsafe
23/04/2025,60.1,9.457,59,317.3,safe
23/04/2025,61.15,13.52,49,798.4,safe
23/04/2025,66.76,11.668,69,223.6,unsafe
23/04/2025,68.61,12.802,76,707.3,warning
23/04/2025,66.89,12.194,40,314.8,unsafe
23/04/2025,62,9.73,66,523.2,unsafe
23/04/2025,65.87,11.2,73,315.9,safe
23/04/2025,63.8,13.841,48,489,unsafe
23/04/2025,61.68,10.514,46,906.7,safe
23/04/2025,66.61,13.831,41,650.4,safe
23/04/2025,63.95,8.364,59,689,safe
23/04/2025,63.61,8.981,40,259.4,warning
23/04/2025,62.15,13.549,46,582.8,warning
23/04/2025,68.52,11.129,58,667.7,warning
23/04/2025,69.05,10.7,66,899.9,safe
23/04/2025,70.31,11.531,41,736.7,warning
23/04/2025,71.96,8.876,82,777.7,unsafe
23/04/2025,65.77,12.453,40,695.8,safe
23/04/2025,71.07,12.814,75,977.4,safe
23/04/2025,71.95,9.023,50,261.1,safe
23/04/2025,71.68,8.06,65,998.2,unsafe
23/04/2025,61.56,11.942,51,504.7,unsafe
23/04/2025,65.89,10.11,84,443,safe
23/04/2025,71.65,11.76,71,796.8,warning
23/04/2025,61.76,12.568,50,384.8,unsafe
23/04/2025,71.36,13.253,80,785.1,warning
23/04/2025,65.74,12.552,54,216.9,safe
23/04/2025,60.31,8.524,41,1072.5,unsafe
23/04/2025,67.22,12.504,73,362.6,unsafe
23/04/2025,60.79,12.947,67,857.4,safe
23/04/2025,61.53,12.054,42,852.2,unsafe
23/04/2025,69.98,10.65,40,808.9,unsafe
23/04/2025,67.75,8.873,64,450.7,safe
23/04/2025,65.65,12.119,72,452.1,warning
23/04/2025,62.57,11.553,45,477.5,safe
23/04/2025,60.05,8.458,41,484.8,unsafe
23/04/2025,68.16,8.027,72,928.4,safe
23/04/2025,71.64,10.17,66,667.3,warning
23/04/2025,65.01,10.936,44,311.2,safe
23/04/2025,67.32,8.4,52,499.2,safe
23/04/2025,67.98,11.735,77,430.9,unsafe
23/04/2025,67.81,12.001,50,430.5,safe
23/04/2025,63.48,10.695,59,700.4,unsafe
23/04/2025,70.52,9.443,69,870.3,safe
23/04/2025,62.69,11.91,41,843.8,safe
23/04/2025,71.92,9.299,51,1093,safe
23/04/2025,71.68,10.564,40,438.2,unsafe
23/04/2025,64.61,8.352,48,712.7,safe
23/04/2025,65.14,9.927,80,315.8,unsafe
23/04/2025,63.61,13.276,61,1014,safe
23/04/2025,68.07,8.618,68,570.2,safe
23/04/2025,69.48,10.399,43,253.6,unsafe
23/04/2025,61.78,8.075,43,804.4,warning
23/04/2025,69.28,10.778,51,769.7,unsafe
23/04/2025,69.55,10.275,74,818,unsafe
23/04/2025,67.67,10.427,79,639.4,warning
23/04/2025,60.5,13.711,50,1096.7,warning
23/04/2025,68.67,11.056,56,494,unsafe
23/04/2025,71.8,9.586,79,875,unsafe
23/04/2025,70.12,13.994,75,225.1,warning
23/04/2025,65.26,13.563,52,281.9,safe
23/04/2025,70.91,8.319,82,828.5,safe
23/04/2025,64.59,10.978,72,748.3,warning
23/04/2025,71.37,10.751,61,216.9,unsafe
23/04/2025,64.89,10.589,42,774.4,unsafe
23/04/2025,68.9,8.94,51,298.3,safe
23/04/2025,68.81,10.906,70,470,unsafe
23/04/2025,60.13,9.034,77,1088.4,unsafe
23/04/2025,69.04,8.086,81,301.4,unsafe
23/04/2025,69.7,11.959,58,292.6,warning
23/04/2025,69.34,8.412,51,535.6,safe
23/04/2025,70.77,9.299,46,361.3,safe
23/04/2025,71.96,9.398,62,605,safe
23/04/2025,66.77,13.427,77,1076.4,safe
23/04/2025,63.25,13.885,55,789.8,unsafe
23/04/2025,66.1,10.478,84,975.8,warning
23/04/2025,71.12,12.67,41,733.1,unsafe
23/04/2025,69.98,12.996,63,807.8,unsafe
23/04/2025,62.75,12.291,64,328.6,unsafe
23/04/2025,60.33,10.224,76,638.8,safe
23/04/2025,62.22,8.632,63,951.6,safe
23/04/2025,64.09,12.635,66,200.2,unsafe
23/04/2025,67.15,9.311,48,402.6,unsafe
23/04/2025,60.85,10.436,57,769.8,warning
23/04/2025,63.03,10.646,42,1052.1,unsafe
23/04/2025,71.4,9.096,81,544.1,warning
23/04/2025,66.03,11.956,75,501.8,safe
23/04/2025,61.53,13.659,77,700.2,warning
23/04/2025,61.05,9.349,47,940.3,unsafe
23/04/2025,65.81,8.407,68,808.6,unsafe
23/04/2025,61.04,8.781,56,455.6,unsafe
23/04/2025,64.94,8.662,48,789.5,unsafe
23/04/2025,61.18,10.744,60,700,safe
23/04/2025,70.49,11.883,51,784.7,unsafe
23/04/2025,71.13,9.697,47,226.6,safe
23/04/2025,65.03,13.891,83,427.1,unsafe
23/04/2025,63.11,13.798,41,551.4,unsafe
23/04/2025,63.46,11.185,59,867.3,safe
23/04/2025,62.69,10.946,79,944.9,warning
23/04/2025,65.52,10.022,76,287.9,safe
23/04/2025,70.74,12.374,56,767.8,unsafe
23/04/2025,71.03,10.085,65,302.8,unsafe
23/04/2025,70,10.574,79,482.8,unsafe
23/04/2025,65.56,13.12,66,477.4,unsafe
23/04/2025,61,9.015,68,775.4,unsafe
23/04/2025,69.73,13.719,70,608.4,warning
23/04/2025,63.48,11.891,74,1083.2,unsafe
23/04/2025,64.16,9.582,81,1006.6,unsafe
23/04/2025,61.93,12.705,79,718.6,unsafe
23/04/2025,67.92,11.715,64,1047.3,warning
23/04/2025,64.27,13.962,52,233.4,warning
23/04/2025,68.82,11.272,60,667.5,safe
23/04/2025,68.49,11.788,75,431.3,safe
23/04/2025,70.93,9.954,63,1052.5,warning
23/04/2025,61.9,8.774,73,509.4,safe
23/04/2025,63.7,13.513,48,243.2,warning
23/04/2025,64.95,9.218,43,926.2,safe
23/04/2025,69.69,11.839,65,1008.1,safe
23/04/2025,70.28,9.704,85,432.3,safe
23/04/2025,66.33,13.35,62,916.8,warning
23/04/2025,70.08,11.753,69,762.6,safe
23/04/2025,67.13,10.589,51,992.3,safe
23/04/2025,71.02,9.663,79,595.4,unsafe
23/04/2025,60.4,10.016,53,510.2,unsafe
23/04/2025,65.67,13.04,62,460.4,unsafe
23/04/2025,69.19,10.338,66,346,unsafe
23/04/2025,63.28,9.604,42,285.7,unsafe
23/04/2025,71.92,8.531,67,248,safe
23/04/2025,66.19,9.066,40,454.7,warning
23/04/2025,60.17,12.312,74,771.8,warning
23/04/2025,69.69,12.418,72,547.7,safe
23/04/2025,63.35,9.475,78,642.4,safe
23/04/2025,64.66,12.149,56,489.5,warning
23/04/2025,67.82,11.935,61,945.5,unsafe
23/04/2025,63.3,12.623,40,471.4,warning
23/04/2025,64.19,9.423,75,831.5,safe
23/04/2025,68.35,12.021,44,987.7,unsafe
23/04/2025,65.98,10.684,73,1004,warning
23/04/2025,71.44,13.966,49,344.7,unsafe
23/04/2025,65.15,8.325,49,761.1,unsafe
23/04/2025,63.84,10.814,83,383.3,safe
23/04/2025,60.88,11.76,46,1000.6,warning
24/04/2025,69.13,10.227,59,475.3,safe
24/04/2025,70.05,8.078,46,468.7,warning
24/04/2025,60.91,9.826,79,259.8,safe
24/04/2025,68.27,13.77,50,204.8,warning
24/04/2025,64.27,11.047,62,294.7,warning
24/04/2025,69.82,10.59,44,920.5,safe
24/04/2025,71.77,11.026,81,596.3,warning
24/04/2025,63.72,8.967,73,775.5,unsafe
24/04/2025,67.21,10.684,73,585.2,warning
24/04/2025,65.26,11.551,57,755.2,safe
24/04/2025,69.72,8.205,44,385.9,unsafe
24/04/2025,71.77,13.43,53,407.5,warning
24/04/2025,62.75,12.835,85,1051.4,unsafe
24/04/2025,66.7,10.431,64,463.6,warning
24/04/2025,67.67,11.348,74,641.3,safe
24/04/2025,62.84,10.867,50,210.3,warning
24/04/2025,68.85,11.017,77,669,safe
24/04/2025,67.12,10.471,47,318.6,warning
24/04/2025,70.12,8.546,57,466.8,unsafe
24/04/2025,67.71,11.287,44,425.3,warning
24/04/2025,61.09,12.025,56,830.4,safe
24/04/2025,65.96,12.501,64,736.6,unsafe
24/04/2025,61.06,12.558,71,761.1,safe
24/04/2025,67.04,13.028,82,297.1,warning
24/04/2025,62.57,13.164,57,256.6,unsafe
24/04/2025,64.02,8.948,70,416.5,safe
24/04/2025,65.67,8.158,52,586.2,safe
24/04/2025,68.07,11.613,65,970.5,unsafe
24/04/2025,71.74,10.559,41,389.8,unsafe
24/04/2025,69.77,12.277,45,898.5,safe
24/04/2025,61.77,13.408,56,756.2,safe
24/04/2025,69.05,12.372,56,961,unsafe
24/04/2025,71.23,10.115,67,317.4,safe
24/04/2025,67.22,10.54,74,1010.6,safe
24/04/2025,67.96,9.255,66,455.6,warning
24/04/2025,67.46,9.921,71,318.2,safe
24/04/2025,64.02,9.13,75,385,warning
24/04/2025,63.26,13.684,44,347,unsafe
24/04/2025,65.75,13.828,81,493.1,unsafe
24/04/2025,63.68,9.131,50,497.6,warning
24/04/2025,68.8,13.059,55,794.1,safe
24/04/2025,62.7,10.849,40,1093.7,unsafe
24/04/2025,66.69,13.137,68,537.7,safe
24/04/2025,69.88,9.588,56,445.4,warning
24/04/2025,61.73,11.6,79,538.6,safe
24/04/2025,64.24,13.629,56,950.7,safe
24/04/2025,69.66,9.796,79,451.3,warning
24/04/2025,63.95,8.683,40,468.6,warning
24/04/2025,71.88,13.919,74,818.1,warning
24/04/2025,71.81,11.622,49,459.7,unsafe
24/04/2025,70.04,8.047,58,373.8,warning
24/04/2025,68.27,10.129,77,482.1,unsafe
24/04/2025,67.52,11.232,60,313.2,warning
24/04/2025,66.52,9.607,56,684.4,warning
24/04/2025,68.55,13.252,50,574.2,safe
24/04/2025,62.7,13.188,44,532.8,unsafe
24/04/2025,66.96,8.622,48,1050.3,warning
24/04/2025,60.03,12.103,81,718.2,warning
24/04/2025,61.82,10.032,69,661.7,warning
24/04/2025,70.65,11.431,43,685.5,safe
24/04/2025,61.52,12.757,50,658.9,unsafe
24/04/2025,62.93,11.042,60,761.5,safe
24/04/2025,69.11,9.515,62,328.7,warning
24/04/2025,60.74,10.706,72,732.2,safe
24/04/2025,69.45,13.163,40,332,unsafe
24/04/2025,66.22,8.118,61,602,safe
24/04/2025,70.89,13.519,82,786.5,warning
24/04/2025,61.1,12.437,63,379.8,unsafe
24/04/2025,70.46,10.667,49,818.5,unsafe
24/04/2025,65.66,11.325,46,467.2,unsafe
24/04/2025,70.18,9.232,62,242,safe
24/04/2025,63.98,9.133,60,308.9,safe
24/04/2025,69.66,13.788,49,397.5,warning
24/04/2025,67.57,9.547,40,242.9,unsafe
24/04/2025,63.88,13.631,65,538.2,warning
24/04/2025,64.33,11.821,81,216.7,unsafe
24/04/2025,70.48,9.617,42,365,warning
24/04/2025,63.66,8.71,63,216.8,safe
24/04/2025,66.26,12.061,78,494.9,warning
24/04/2025,66.64,8.156,69,972.8,unsafe
24/04/2025,68.9,12.643,50,730,warning
24/04/2025,66.88,10.985,70,463.4,warning
24/04/2025,71.19,10.89,82,781.5,warning
24/04/2025,60.45,9.002,43,781.3,unsafe
24/04/2025,71.1,11.576,77,204.2,warning
24/04/2025,66.19,10.5,82,970.2,safe
24/04/2025,65.3,13.322,47,921.6,warning
24/04/2025,71.55,11.107,83,982,warning
24/04/2025,63.17,11.516,42,1073.1,unsafe
24/04/2025,71.4,8.328,53,857.7,unsafe
24/04/2025,67.33,9.008,85,925.6,warning
24/04/2025,62.64,12.556,71,571.7,warning
24/04/2025,71.08,10.936,60,263.9,unsafe
24/04/2025,60.34,9.696,80,1098.7,warning
24/04/2025,66.4,10.131,78,200.6,safe
24/04/2025,69.74,8.982,59,348.9,unsafe
24/04/2025,70.15,9.813,49,575.9,unsafe
24/04/2025,65.86,9.735,76,657.6,unsafe
24/04/2025,61.79,11.294,56,267.8,warning
24/04/2025,64.45,11.795,62,985.2,unsafe
24/04/2025,68.65,11.965,54,396.1,safe
24/04/2025,63.89,13.751,41,346.3,warning
24/04/2025,62.96,11.03,48,667.9,safe
24/04/2025,60.68,8.003,51,200.6,unsafe
24/04/2025,65.69,12.756,42,744.1,warning
24/04/2025,62.04,11.819,40,953.1,unsafe
24/04/2025,68.27,9.941,79,515,warning
24/04/2025,69.14,8.496,56,566.3,warning
24/04/2025,71.17,12.614,71,889.7,unsafe
24/04/2025,69.77,13.794,53,666.4,unsafe
24/04/2025,65.26,9.434,58,268.8,unsafe
24/04/2025,63.75,8.524,73,501.9,safe
24/04/2025,64.5,11.324,71,654.1,unsafe
24/04/2025,67.45,9.575,79,399.9,safe
24/04/2025,69.04,8.727,61,278,warning
24/04/2025,61.74,9.967,43,1093.8,warning
24/04/2025,65.94,13.551,76,703.4,warning
24/04/2025,70.33,13.956,50,207.8,safe
24/04/2025,69.11,12.358,61,1061.8,warning
24/04/2025,69.79,11.67,78,630.5,unsafe
24/04/2025,64.85,10.571,54,609,safe
24/04/2025,67.86,11.682,50,342.6,warning
24/04/2025,60.81,13.648,54,651.5,unsafe
24/04/2025,71.38,10.886,52,458.5,unsafe
24/04/2025,61.53,13.702,45,545.1,safe
24/04/2025,64.63,11.538,49,753.2,safe
24/04/2025,62.87,12.296,66,454.7,safe
24/04/2025,62.87,13.769,81,624,safe
24/04/2025,71.42,13.014,64,201.2,safe
24/04/2025,69.92,9.196,70,1095.4,warning
24/04/2025,67.48,9.123,73,512.6,safe
24/04/2025,62.13,13.587,61,407.3,unsafe
24/04/2025,68.76,12.206,73,928.5,warning
24/04/2025,70.83,13.314,41,762.3,warning
24/04/2025,67.4,13.775,67,281,warning
24/04/2025,68.19,13.744,75,875.4,unsafe
24/04/2025,69.45,13.919,63,754.4,safe
24/04/2025,69.65,12.867,49,656.6,unsafe
24/04/2025,66.69,10.326,78,996.4,warning
24/04/2025,70.37,8.755,59,752.3,unsafe
24/04/2025,60.87,12.051,64,559.3,safe
24/04/2025,64.61,9.721,54,818,safe
24/04/2025,62.2,11.543,46,767.9,safe
24/04/2025,65.99,13.129,61,839.1,unsafe
24/04/2025,66.44,13.009,85,258.5,safe
24/04/2025,60.4,10.517,85,713,safe
24/04/2025,64.65,8.97,62,573.1,warning
24/04/2025,69.09,10.696,47,744.4,unsafe
24/04/2025,63.58,8.382,68,385.8,warning
24/04/2025,70.63,9.331,79,996.3,warning
24/04/2025,63.12,13.51,55,590.9,warning
24/04/2025,70.19,12.851,67,398.3,safe
24/04/2025,67.23,10.835,42,447.3,warning
24/04/2025,64.25,11.513,68,573.6,warning
24/04/2025,63.16,8.797,64,530,warning
24/04/2025,67.17,9.747,70,989.3,safe
24/04/2025,61.68,9.763,78,514.2,unsafe
24/04/2025,71.6,12.965,75,532.2,unsafe
24/04/2025,70.32,12.598,58,322.6,warning
24/04/2025,65.05,11.47,69,370.9,warning
24/04/2025,70.76,11.487,50,675.6,warning
24/04/2025,70.37,11.418,78,311.6,safe
24/04/2025,62.28,8.076,40,679.6,safe
24/04/2025,64.61,9.59,44,333,safe
24/04/2025,60.91,10.111,66,881.4,unsafe
24/04/2025,67.79,8.293,79,277.3,warning
24/04/2025,65.44,8.9,51,384.6,unsafe
24/04/2025,64.01,8.29,81,209.2,safe
24/04/2025,60.52,11.269,42,789.4,warning
24/04/2025,62.5,12.907,75,212.7,warning
24/04/2025,61.31,9.736,61,434.8,warning
24/04/2025,71.24,10.65,72,1040.7,unsafe
24/04/2025,60.7,13.966,46,767,warning
24/04/2025,63.01,8.03,49,833.3,unsafe
24/04/2025,67.68,11.75,84,387.4,safe
24/04/2025,66.07,8.692,80,809.8,unsafe
24/04/2025,65.41,9.601,59,244,unsafe
24/04/2025,70.11,11.057,64,438.9,warning
24/04/2025,71.2,9.325,51,816.4,safe
24/04/2025,69.7,13.071,44,455.3,safe
24/04/2025,65.7,8.933,84,505.1,safe
24/04/2025,60.31,13.522,52,628.6,unsafe
24/04/2025,61.55,12.588,84,400.4,safe
24/04/2025,71.43,9.135,83,1010.8,unsafe
24/04/2025,64.15,9.055,40,977.5,unsafe
24/04/2025,64.54,10.904,73,584.2,unsafe
24/04/2025,65.46,13.54,58,567,warning
24/04/2025,69.98,8.907,56,937.5,unsafe
24/04/2025,71.7,11.641,73,958.2,warning
24/04/2025,64.49,8.12,80,989.1,warning
24/04/2025,70.94,9.704,66,305.7,warning
24/04/2025,60.05,12.792,40,1058.5,unsafe
24/04/2025,65.08,13.507,61,248.6,unsafe
24/04/2025,68.14,10.179,60,280.9,warning
24/04/2025,64.28,8.242,55,377.8,warning
24/04/2025,70.21,9.607,70,389.8,safe
24/04/2025,63.79,8.944,81,1014.4,warning
24/04/2025,68.17,9.119,53,786.8,unsafe
24/04/2025,71.59,13.639,82,478,unsafe
24/04/2025,63.81,9.79,69,404.7,unsafe
24/04/2025,71.02,10.163,55,967.7,warning
24/04/2025,67.67,13.024,68,480.5,warning
24/04/2025,69.15,12.957,49,222.3,unsafe
24/04/2025,63.77,13.897,56,814.1,warning
24/04/2025,70.4,12.233,62,390.5,warning
24/04/2025,69.83,12.609,66,533.7,unsafe
24/04/2025,65.5,13.45,59,273.5,safe
24/04/2025,64.22,8.32,80,889.5,unsafe
24/04/2025,70.61,11.624,43,961.6,warning
24/04/2025,69.28,12.328,61,945.3,unsafe
24/04/2025,69.12,10.746,74,961.2,safe
24/04/2025,62.67,10.136,78,535.4,safe
24/04/2025,64.38,13.4,53,216,warning
24/04/2025,66.88,9.104,79,583.7,unsafe
24/04/2025,67.86,10.265,41,528.9,safe
24/04/2025,64.58,12.94,49,430.1,unsafe
24/04/2025,68.56,10.658,80,370.7,unsafe
24/04/2025,66.36,10.953,78,550.8,unsafe
24/04/2025,62.47,8.953,41,967.6,warning
24/04/2025,68.28,13.267,68,674.1,warning
24/04/2025,66.78,8.308,42,877.4,unsafe
24/04/2025,65.16,10.024,71,951.8,unsafe
24/04/2025,71.7,13,70,947.1,safe
24/04/2025,60.01,8.149,73,740.9,warning
24/04/2025,71.71,13.834,76,334.1,unsafe
24/04/2025,61.64,13.291,52,1078.3,unsafe
24/04/2025,69.45,9.232,54,466.9,warning
24/04/2025,62.3,10.788,40,714.7,warning
24/04/2025,62.53,9.667,56,500.3,unsafe
24/04/2025,69.78,13.887,44,837.3,safe
24/04/2025,71.96,11.828,80,735.4,unsafe
24/04/2025,66.11,13.77,76,510.5,unsafe
24/04/2025,61.62,9.72,64,370.3,unsafe
24/04/2025,68.76,8.407,74,637.3,warning
24/04/2025,63.24,9.134,84,925.4,safe
24/04/2025,68.21,10.252,57,1091.4,safe
24/04/2025,70.08,13.036,65,354.6,unsafe
24/04/2025,68.6,13.659,56,266.4,unsafe
24/04/2025,61.58,10.4,70,656.4,unsafe
24/04/2025,61.16,12.809,56,535,warning
24/04/2025,62.61,9.537,66,302.5,warning
24/04/2025,60.5,9.276,80,482.9,unsafe
24/04/2025,69.99,12.258,75,743.9,warning
24/04/2025,69.49,9.842,59,606.1,warning
24/04/2025,64.91,11.967,59,887.4,safe
24/04/2025,67.01,8.253,66,791.7,safe
24/04/2025,66.56,8.853,64,523.7,safe
24/04/2025,62.81,13.88,57,554.3,safe
24/04/2025,67.3,10.351,51,701.2,unsafe
24/04/2025,60.53,11.986,51,646.7,safe
24/04/2025,64.52,9.774,49,733.1,safe
24/04/2025,71.15,10.905,48,780.5,warning
24/04/2025,64.94,9.826,52,496.2,warning
24/04/2025,63.21,11.449,68,653.4,safe
24/04/2025,64.02,9.104,83,1047.1,unsafe
24/04/2025,61.37,11.924,73,737.6,unsafe
24/04/2025,63.3,10.421,50,441,unsafe
24/04/2025,64.74,8.881,58,395.7,unsafe
24/04/2025,66.16,8.646,77,270.8,warning
24/04/2025,60.97,13.772,75,670.4,safe
